[
{"id_legado":"0000000001","razao_social":"ROBERT BOSCH LTDA","fantasia":"BOSCH","cnpj_cpf":"45990181000189"}
,{"id_legado":"0000000003","razao_social":"OSPINA INDUSTRIA DE AUTO PECAS LTDA","fantasia":"OSPINA","cnpj_cpf":"52615705000117"}
,{"id_legado":"0000000005","razao_social":"FIAMM LATIN AMERICA COMPONENTES AUT.LTDA","fantasia":"FIAMM-Buzinas","cnpj_cpf":"02489022000192"}
,{"id_legado":"0000000008","razao_social":"SCHUNK DO BRASIL SINTER. E ELETROG. LTDA","fantasia":"SCHUNK-Esc.\/P.Esc.","cnpj_cpf":"61410841000161"}
,{"id_legado":"0000000013","razao_social":"GF AUTO PECAS INDUSTRIA E COMERCIO LTDA","fantasia":"G.F.- Lanternas","cnpj_cpf":"51462125000174"}
,{"id_legado":"0000000021","razao_social":"FACOBRAS INDUSTRIA E COMERCIO LTDA-EPP","fantasia":"FACOBRAS","cnpj_cpf":"60691094000114"}
,{"id_legado":"0000000022","razao_social":"INDUSTRIA MARILIA DE AUTO PECAS S\/A","fantasia":"MARILIA","cnpj_cpf":"49035678000107"}
,{"id_legado":"0000000025","razao_social":"3M DO BRASIL LTDA","fantasia":"3M - FITAS","cnpj_cpf":"45985371000108"}
,{"id_legado":"0000000028","razao_social":"RHO INTERRUPTORES AUTOMOTIVOS LTDA","fantasia":"3RHO","cnpj_cpf":"62848577000105"}
,{"id_legado":"0000000032","razao_social":"ETESSADAHNIAR IND. E COM.AUTO PECAS LTDA","fantasia":"RAINHA","cnpj_cpf":"61033155000119"}
,{"id_legado":"0000000034","razao_social":"W.ZANONI E CIA LTDA","fantasia":"W.ZANONI-Rol.Col.","cnpj_cpf":"61552675000138"}
,{"id_legado":"0000000036","razao_social":"ZEN S\/A INDUSTRIA METALURGICA","fantasia":"ZEN-Impuls\/Mancais","cnpj_cpf":"57006264000170"}
,{"id_legado":"0000000037","razao_social":"GRANERO LIMPADORES DE PARABRISAS LTDA.","fantasia":"GRANERO-Limpadores","cnpj_cpf":"60718707000160"}
,{"id_legado":"0000000039","razao_social":"ZM S\/A","fantasia":"Z.M. - Autom.Part.","cnpj_cpf":"76812379000104"}
,{"id_legado":"0000000040","razao_social":"AMEFIL INDUSTRIA ELETRO METALURGICA LTDA","fantasia":"AMEFIL","cnpj_cpf":"60949757000158"}
,{"id_legado":"0000000044","razao_social":"SEGVEL COMERCIAL LTDA","fantasia":"3M Faixas Refl.","cnpj_cpf":"03657569000112"}
,{"id_legado":"0000000045","razao_social":"DANI CONDUTORES ELETRICOS LTDA","fantasia":"DNI - Reles\/Sirene","cnpj_cpf":"63023006000102"}
,{"id_legado":"0000000046","razao_social":"THERMAL MANAGEMENT SOLUTIONS BRAZIL LTDA","fantasia":"WAHLER ORIGINAL","cnpj_cpf":"46242558000184"}
,{"id_legado":"0000000047","razao_social":"MTE THOMSON INDUSTRIA COMERCIO LTDA","fantasia":"MTE","cnpj_cpf":"47156898000155"}
,{"id_legado":"0000000050","razao_social":"MIKRON PLAST IND.COM.DE PLAST.METAIS LTD","fantasia":"MIKRON PLAST","cnpj_cpf":"53684635000111"}
,{"id_legado":"0000000051","razao_social":"FORTLUZ INDUSTRIA E COMERCIO LTDA","fantasia":"FORTLUZ","cnpj_cpf":"25661463000125"}
,{"id_legado":"0000000059","razao_social":"POLO COMERCIO INTERNACIONAL LTDA","fantasia":"EURO Importados","cnpj_cpf":"06261751000229"}
,{"id_legado":"0000000062","razao_social":"ELETRUS CONEXOES ELETRICA E AUT.LTDA EPP","fantasia":"CONIMEL","cnpj_cpf":"12409331000169"}
,{"id_legado":"0000000082","razao_social":"METALURGICA IGUACU LTDA","fantasia":"IGUACU","cnpj_cpf":"57046708000109"}
,{"id_legado":"0000000091","razao_social":"GUILHERME BUSCH IND COM PCS AUTOM LTDA","fantasia":"GUILHERME BUSCH","cnpj_cpf":"61147971000153"}
,{"id_legado":"0000000092","razao_social":"NSK BRASIL LTDA","fantasia":"N.S.K.- Rolamentos","cnpj_cpf":"71917181000163"}
,{"id_legado":"0000000095","razao_social":"ONIN DISTRIBUIDORA DE AUTO PECAS LTDA","fantasia":"NINO - Farois","cnpj_cpf":"11429051000230"}
,{"id_legado":"0000000096","razao_social":"TC AUTO TECNICA LTDA","fantasia":"TC - Instal\/Conect","cnpj_cpf":"55567911000197"}
,{"id_legado":"0000000099","razao_social":"VALEO SISTEMAS AUTOMOTIVOS LTDA","fantasia":"VALEO - Eletrica","cnpj_cpf":"57010662000836"}
,{"id_legado":"0000000101","razao_social":"VETOR MATERIAIS ELETR.E AUTOMOTIVOS LTDA","fantasia":"VTO - Acess.Div.","cnpj_cpf":"81589327000142"}
,{"id_legado":"0000000107","razao_social":"CDG COMPONENTES AUTOMOTIVOS LTDA","fantasia":"GAUSS","cnpj_cpf":"09512164000253"}
,{"id_legado":"0000000109","razao_social":"VESPOR AUTOMOTIVE DISTRIBUIDORA PCS LTDA","fantasia":"I N A - Rolamentos","cnpj_cpf":"04771370000345"}
,{"id_legado":"0000000111","razao_social":"IKS INDUSTRIA DE CABOS LTDA","fantasia":"IKS-CABLEX Cabos","cnpj_cpf":"56650658000101"}
,{"id_legado":"0000000120","razao_social":"L.S.INDUSTRIA E COM.DE AUTO PECAS LTDA","fantasia":"LS Lant\/Soquetes","cnpj_cpf":"62562798000112"}
,{"id_legado":"0000000122","razao_social":"SNAP-ON","fantasia":"CAR 80","cnpj_cpf":"60395175000177"}
,{"id_legado":"0000000123","razao_social":"CORTISUL CORTICEIRA DO SUL LTDA","fantasia":"CORTISUL","cnpj_cpf":"91649194000106"}
,{"id_legado":"0000000126","razao_social":"COMPOELETRIC IND.E COM.DE AUTO PECAS LTD","fantasia":"CINAP","cnpj_cpf":"09414774000133"}
,{"id_legado":"0000000138","razao_social":"VAS MOTOR AUTO PECAS LTDA","fantasia":"POLICARTER","cnpj_cpf":"47209960000120"}
,{"id_legado":"0000000139","razao_social":"CAREX COMERCIAL LTDA","fantasia":"EAGLE - Lampadas","cnpj_cpf":"04954077000151"}
,{"id_legado":"0000000144","razao_social":"PHINIA DO BRASIL PRODUTOS AUTOMOT. LTDA","fantasia":"DELCO REMY","cnpj_cpf":"02684729000150"}
,{"id_legado":"0000000146","razao_social":"BOSAL DO BRASIL LTDA.","fantasia":"BOSAL - Macacos","cnpj_cpf":"56993868000194"}
,{"id_legado":"0000000147","razao_social":"ZINNI E GUELL IND.DE AUTO PECAS LTDA","fantasia":"ZINNI&GUELL Maq.Vd","cnpj_cpf":"61603288000183"}
,{"id_legado":"0000000152","razao_social":"TUROTEST MEDIDORES LTDA","fantasia":"TUROTEST Relogios","cnpj_cpf":"60769577000194"}
,{"id_legado":"0000000159","razao_social":"ORBI QUIMICA SA","fantasia":"ORBI - WHITE LUB","cnpj_cpf":"07704914000182"}
,{"id_legado":"0000000161","razao_social":"GONEL INDUSTRIA E COMERCIO LTDA","fantasia":"GONEL - Reservat.","cnpj_cpf":"72717663000132"}
,{"id_legado":"0000000163","razao_social":"DS SCHIAVETTO & CIA LTDA","fantasia":"DS  Valv.\/Agulha","cnpj_cpf":"05819698000195"}
,{"id_legado":"0000000166","razao_social":"INDUSTRIA METALURGICA S\/A","fantasia":"IAM  Originais","cnpj_cpf":"61199550000176"}
,{"id_legado":"0000000170","razao_social":"VITOR COMERCIAL LACERDA LTDA","fantasia":"CL Mecanica","cnpj_cpf":"09528653000112"}
,{"id_legado":"0000000171","razao_social":"AJE INDUSTRIA DE ACESSORIOS AUTOMOB.LTDA","fantasia":"AJE  Anti Chama","cnpj_cpf":"56910680000135"}
,{"id_legado":"0000000172","razao_social":"D PAULA IND.E COM.LTDA","fantasia":"D PAULA","cnpj_cpf":"67853093000178"}
,{"id_legado":"0000000175","razao_social":"TECNOLOGIA QUANTUM IND.ELETRONICA LTDA","fantasia":"QUANTUM  Modulos","cnpj_cpf":"57418857000143"}
,{"id_legado":"0000000180","razao_social":"SENSORAUTO SENSORES AUTOMOTIVOS LTDA","fantasia":"SENSORAUTO -Sensor","cnpj_cpf":"08649813000119"}
,{"id_legado":"0000000187","razao_social":"NITERRA DO BRASIL LTDA.","fantasia":"NGK Velas\/Sondas","cnpj_cpf":"52541760000100"}
,{"id_legado":"0000000196","razao_social":"THEGA INDUSTRIA E COMERCIO LTDA","fantasia":"DML - Disco Tacog.","cnpj_cpf":"07029365000198"}
,{"id_legado":"0000000201","razao_social":"DSC AUTO PECAS LTDA - EPP","fantasia":"DSC AUTOPECAS","cnpj_cpf":"69347763000100"}
,{"id_legado":"0000000224","razao_social":"VALCLEI HIDRAULICA LTDA EPP","fantasia":"VALCLEI Valv.Term.","cnpj_cpf":"60379658000188"}
,{"id_legado":"0000000227","razao_social":"AUTO POLI IND.COM.AUTOS PECAS LTDA","fantasia":"AUTO POLI","cnpj_cpf":"01225205000138"}
,{"id_legado":"0000000229","razao_social":"PARKER HANNIFIN IND.COM.LTDA","fantasia":"PARKER Valvulas","cnpj_cpf":"54823455000802"}
,{"id_legado":"0000000231","razao_social":"MIKRON CLASS IND.E COM.DE PLASTICOS LTDA","fantasia":"MIKRON PLAST","cnpj_cpf":"12003301000158"}
,{"id_legado":"0000000232","razao_social":"LIEZER BERTAGNOLI LTDA","fantasia":"L.Z.","cnpj_cpf":"02499948000169"}
,{"id_legado":"0000000240","razao_social":"RESIL COMERCIAL INDUSTRIAL LTDA","fantasia":"RESIL Extintores","cnpj_cpf":"68124858000100"}
,{"id_legado":"0000000242","razao_social":"ILG METALURGICA LTDA","fantasia":"START Term.Bateria","cnpj_cpf":"30544456000183"}
,{"id_legado":"0000000243","razao_social":"ORGUS INDUSTRIA E COMERCIO LTDA.","fantasia":"ORGUS Farois","cnpj_cpf":"51171783000107"}
,{"id_legado":"0000000251","razao_social":"PERMAK INDUSTRIA E COMERCIO LTDA EPP","fantasia":"PERMAK  Acessorios","cnpj_cpf":"65434748000148"}
,{"id_legado":"0000000259","razao_social":"METALURGICA SUPRENS LTDA","fantasia":"SUPRENS  Abracad.","cnpj_cpf":"61610861000186"}
,{"id_legado":"0000000264","razao_social":"ALMAPY AUTOMOTIVE IND.E COM.LTDA","fantasia":"ALMAPY Int. Vd.El.","cnpj_cpf":"12534879000130"}
,{"id_legado":"0000000268","razao_social":"FRONTEC IND.DE COMPONENTES DE FIX. LTDA","fantasia":"FRONTEC","cnpj_cpf":"72178353000197"}
,{"id_legado":"0000000270","razao_social":"IMOBRAS IND.DE MOTORES ELETRICOS LTDA","fantasia":"IMOBRAS Motor Limp","cnpj_cpf":"04333355000153"}
,{"id_legado":"0000000278","razao_social":"MONPAR IND.E.COM.DE AUTO PECAS LTDA","fantasia":"MARFLEX","cnpj_cpf":"68073600000113"}
,{"id_legado":"0000000281","razao_social":"LUFERMA IND COMERCIO DE FERRAMENTAS LTDA","fantasia":"DIAL","cnpj_cpf":"64656457000131"}
,{"id_legado":"0000000286","razao_social":"MACLEINI INDUSTRIA E COMERCIO LTDA","fantasia":"MACLEINI  Acess.","cnpj_cpf":"45295912000176"}
,{"id_legado":"0000000295","razao_social":"UNIFAP IND. E COM. DE AUTO PECAS LTDA","fantasia":"UNIFAP","cnpj_cpf":"85325058000168"}
,{"id_legado":"0000000304","razao_social":"VEYANCE TECHNOLOGIES DO BRASIL PROD ENG","fantasia":"CONTITECH Correias","cnpj_cpf":"08832031000382"}
,{"id_legado":"0000000306","razao_social":"ANTICO IND.COM.DE AUTO PECAS LTDA","fantasia":"ANTICO Antenas","cnpj_cpf":"67563619000185"}
,{"id_legado":"0000000318","razao_social":"LP & LS IND E COM DE AUTO PECAS LTDA","fantasia":"LS Retrovisores","cnpj_cpf":"55101372000104"}
,{"id_legado":"0000000330","razao_social":"KLAUS-DRIFT IND.E COM.DE PROD AUTOM.LTDA","fantasia":"DRIFT","cnpj_cpf":"09197561000105"}
,{"id_legado":"0000000338","razao_social":"THERON MARKETING LTDA","fantasia":"W.D.40","cnpj_cpf":"02260769000174"}
,{"id_legado":"0000000363","razao_social":"MFF COMERCIO IMP EXP DE AUTO PECAS LTDA","fantasia":"IMPORTADOS","cnpj_cpf":"13592768000143"}
,{"id_legado":"0000000397","razao_social":"*** DEVOLUCAO ***","fantasia":"MOTOS Liquidacao"}
,{"id_legado":"0000000398","razao_social":"FW DISTRIBUIDORA LTDA","fantasia":"*ORIGINAIS","cnpj_cpf":"08897417000291"}
,{"id_legado":"0000000399","razao_social":"FW DISTRIBUIDORA LTDA","fantasia":"*LIQ.ESTOQUE","cnpj_cpf":"08897417000291"}
,{"id_legado":"0000000420","razao_social":"TEMPLA COMERCIO DE AUTO PECAS LTDA","fantasia":"T.P.A. Reparos","cnpj_cpf":"63972178000114"}
,{"id_legado":"0000000441","razao_social":"ISAPA IMPORTACAO E COMERCIO LTDA","fantasia":"IMPORTADOS","cnpj_cpf":"61327045000593"}
,{"id_legado":"0000001004","razao_social":"KOSTAL ELETROMECANICA LTDA","fantasia":"KOSTAL","cnpj_cpf":"60852274000130"}
,{"id_legado":"0000001081","razao_social":"IKRO COMPONENTES AUTOMOTIVOS LTDA","fantasia":"IKRO","cnpj_cpf":"04773769000101"}
,{"id_legado":"0000001095","razao_social":"ENGATCAR INDUSTRIA DE AUTO PECAS LTDA","fantasia":"ENGATCAR","cnpj_cpf":"91215046000183"}
,{"id_legado":"0000001194","razao_social":"SHERMAN FILMES OPTICOS DO BRASIL S.A.","fantasia":"SHERMAN Faixas ref","cnpj_cpf":"09357176000170"}
,{"id_legado":"0000001237","razao_social":"SINALSUL IND. DE AUTOPECAS LTDA","fantasia":"SINALSUL","cnpj_cpf":"90097791000102"}
,{"id_legado":"0000001263","razao_social":"DYNA INDUSTRIA E COMERCIO LTDA.","fantasia":"DYNA-Palhetas","cnpj_cpf":"61354148000119"}
,{"id_legado":"0000001288","razao_social":"ALPEN IND. COM. DE ARTEF. PLAST.LTDA","fantasia":"ALPENFIX ACESS.","cnpj_cpf":"69285922000199"}
,{"id_legado":"0000001927","razao_social":"TSA TECNOLOGIA EM SIST. AUTOMOTIVOS LTDA","fantasia":"TSA Sensor\/Tampas","cnpj_cpf":"05745983000109"}
,{"id_legado":"0000001931","razao_social":"KFK ESCOVAS E PECAS TEXTEIS EIRELI EPP","fantasia":"FLEX CARD","cnpj_cpf":"17692777000167"}
,{"id_legado":"0000002146","razao_social":"WILLTEC INDUSTRIA E COMERCIO LTDA","fantasia":"WILLTEC","cnpj_cpf":"96474523000149"}
,{"id_legado":"0000002352","razao_social":"PRADOLUX S.A.","fantasia":"PRADOLUX","cnpj_cpf":"18925438000146"}
,{"id_legado":"0000002461","razao_social":"SHOCKLIGHT COM IMP EXP PECAS AUT LTDA","fantasia":"SHOCK LIGHT","cnpj_cpf":"15332149000145"}
,{"id_legado":"0000002492","razao_social":"MARELLI COFAP DO BRASIL LTDA","fantasia":"MAGNETI MARELLI","cnpj_cpf":"02865246002448"}
,{"id_legado":"0000002703","razao_social":"INDUSTRIA MARILIA DE AUTO PECAS SA","fantasia":"MARILIA","cnpj_cpf":"49035678000107"}
,{"id_legado":"0000002751","razao_social":"QUALITY INJET INDUSTRIAL E COM LTDA ME","fantasia":"QUALITY","cnpj_cpf":"19946026000155"}
,{"id_legado":"0000002888","razao_social":"CODISA DISTRIBUIDORA DE AUTO PECAS LTDA","fantasia":"COFRAN RETROVISOR","cnpj_cpf":"11477100000200"}
,{"id_legado":"0000003040","razao_social":"NA TELA IMPORTACAO E COMERCIO LTDA","fantasia":"IMPORTADOS","cnpj_cpf":"14395772000184"}
,{"id_legado":"0000003053","razao_social":"SULCARBON IND.COM.PCS SINTER.LTDA","fantasia":"SULCARBON Sup.Esc.","cnpj_cpf":"73961716000129"}
,{"id_legado":"0000003392","razao_social":"RELEMIX ELETRONICA LTDA","fantasia":"TOP Rele","cnpj_cpf":"05297938000139"}
,{"id_legado":"0000003443","razao_social":"SUN SIMON COM IM EX PARTES E PC AUT LTDA","fantasia":"AUTO-STAR","cnpj_cpf":"10222857000100"}
,{"id_legado":"0000003495","razao_social":"VOLTEX COMERCIO DE AUTO PECAS LTDA","fantasia":"MARILIA\/INDUZ\/AUT","cnpj_cpf":"04698785000179"}
,{"id_legado":"0000003978","razao_social":"GLA COM IMPOR E EXPORT DE AUTOPECAS LTDA","fantasia":"GE-Tungsram","cnpj_cpf":"22350058000106"}
,{"id_legado":"0000004518","razao_social":"HENKEL LTDA","fantasia":"LOCTITE","cnpj_cpf":"02777131003473"}
,{"id_legado":"0000004667","razao_social":"INDUSTRIA ARTEB S.A.","fantasia":"ARTEB Farois","cnpj_cpf":"62291380000207"}
,{"id_legado":"0000004906","razao_social":"AMP IND COM DE PECAS AUTOMOTIVAS LTDA","fantasia":"URBA\/BROSOL","cnpj_cpf":"07752881000146"}
,{"id_legado":"0000005274","razao_social":"CONTACTSUL IND COM FIOS CABOS EIRELI EPP","fantasia":"WF - Fios\/Cabos","cnpj_cpf":"24475207000180"}
,{"id_legado":"0000005359","razao_social":"OSRAM COM DE SOLUCOES DE ILUMINACAO LTDA","fantasia":"OSRAM - Lampadas","cnpj_cpf":"23900832000321"}
,{"id_legado":"0000005408","razao_social":"CONTINENTAL IND.E COM.PECAS REP AUT LTDA","fantasia":"CONTINENTAL AUTOMO","cnpj_cpf":"07425860000205"}
,{"id_legado":"0000005672","razao_social":"ALOG COMERCIO IMPOR E EXP. EIRELI-ME","fantasia":"NIGHT LED","cnpj_cpf":"23140190000148"}
,{"id_legado":"0000005938","razao_social":"CAMPINAS BATERIAS LTDA","fantasia":"HELIAR Baterias","cnpj_cpf":"23835343000171"}
,{"id_legado":"0000006841","razao_social":"HELLA DO BRASIL AUTOMOTIVE LTDA","fantasia":"HELLA Lampadas","cnpj_cpf":"14502921000400"}
,{"id_legado":"0000006991","razao_social":"WEGA MOTORS LTDA","fantasia":"WEGA FILTROS","cnpj_cpf":"05097311000134"}
,{"id_legado":"0000007062","razao_social":"PLASFER IND.COM.DE PLASTICO E FERRO LTDA","fantasia":"PLASFER","cnpj_cpf":"05729356000184"}
,{"id_legado":"0000007082","razao_social":"MR&F COMERCIO DE PECAS AUTOM EIRELI EPP","fantasia":"DOFAB Valvulas","cnpj_cpf":"27014205000182"}
,{"id_legado":"0000007484","razao_social":"PARAFLU DO BRASIL INDUSTRIA LTDA","fantasia":"PARAFLU","cnpj_cpf":"24957152000145"}
,{"id_legado":"0000007549","razao_social":"CAST METAIS E SOLDAS LTDA","fantasia":"CAST- Metais","cnpj_cpf":"03407951000178"}
,{"id_legado":"0000007586","razao_social":"CLOVIS ANTONIO RODRIGUES PORTO - ME","fantasia":"LUMILED","cnpj_cpf":"24250167000179"}
,{"id_legado":"0000007595","razao_social":"DMX BRASIL IND. E COM. LTDA","fantasia":"COLUMBIA","cnpj_cpf":"12658382000124"}
,{"id_legado":"0000007609","razao_social":"ROMANSKI ACESSORIOS E PCS AUTOM LTDA EPP","fantasia":"GRUD SPUM","cnpj_cpf":"04124992000110"}
,{"id_legado":"0000007611","razao_social":"ELMERINDO MARCIO BRIQUEZI-EPP","fantasia":"ROLAMENTOS TENSOR","cnpj_cpf":"17514342000122"}
,{"id_legado":"0000007728","razao_social":"RICCI LOPES REPRESENT.COMERCIAL LTDA-ME","fantasia":"RICCI LOPES","cnpj_cpf":"08340300000121"}
,{"id_legado":"0000007783","razao_social":"TEAM AIR SYSTEMS COM E IMPORTACAO LTDA","fantasia":"TEAM AIR SYSTEMS","cnpj_cpf":"27722035000190"}
,{"id_legado":"0000008202","razao_social":"EDS MOULDS IND.PROD.METALURGICOS LTDA-ME","fantasia":"VISAFLEX","cnpj_cpf":"28567874000144"}
,{"id_legado":"0000008211","razao_social":"MARKETING FW CAMPINAS","fantasia":"MKT-FW"}
,{"id_legado":"0000008274","razao_social":"CONEXAO DE MARILIA COM IMPOR LOGIS LTDA","fantasia":"BILBAO","cnpj_cpf":"73196040000124"}
,{"id_legado":"0000008318","razao_social":"PHINIA DELPHI BRASIL LTDA","fantasia":"PHINIA","cnpj_cpf":"25043386000301"}
,{"id_legado":"0000008518","razao_social":"AMS EMPRESA DE COMP ELETRICOS LTDA EPP","fantasia":"AMS-Fusiveis\/Cabos","cnpj_cpf":"09140851000104"}
,{"id_legado":"0000008544","razao_social":"CODISA DISTRIBUIDORA DE AUTO PECAS LTDA","fantasia":"COFRAN-LANTERNAS","cnpj_cpf":"11477100000120"}
,{"id_legado":"0000008747","razao_social":"MAX PACIFIC IMPORT E EXPORT LTDA","fantasia":"BRIWAX LEDs","cnpj_cpf":"13200137000131"}
,{"id_legado":"0000008839","razao_social":"WALDEMAR RODRIGUES PEREIRA ME","fantasia":"NAT- Acabamentos","cnpj_cpf":"12460441000155"}
,{"id_legado":"0000008840","razao_social":"RVL AUTO PECAS LTDA","fantasia":"2M Plastic","cnpj_cpf":"10793562000355"}
,{"id_legado":"0000008963","razao_social":"WAR IND E COM DE PECAS LTDA ME","fantasia":"WAR Kit Buchas","cnpj_cpf":"27605409000198"}
,{"id_legado":"0000009501","razao_social":"G3 INDUSTRIA DE PECAS EIRELI","fantasia":"GAUER Lanternas","cnpj_cpf":"29233542000196"}
,{"id_legado":"0000009990","razao_social":"MAHLE METAL LEVE S\/A","fantasia":"MAHLE","cnpj_cpf":"60476884003364"}
,{"id_legado":"0000011181","razao_social":"DAYCO POWER TRANSMISSION LTDA.","fantasia":"DAYCO Correias","cnpj_cpf":"01083192000290"}
,{"id_legado":"0000012463","razao_social":"SAINT-GOBAIN DO BRASIL LTDA","fantasia":"TEKBOND","cnpj_cpf":"61064838016560"}
,{"id_legado":"0000012522","razao_social":"TOTALFLUX INDUSTRIA DE PRODUTOS QUIMICOS","fantasia":"FURACAO Original","cnpj_cpf":"17982571000171"}
,{"id_legado":"0000012640","razao_social":"LONNI CABOS ELETRICOS INDUSTRIA E COMERC","fantasia":"CHW Chicotes","cnpj_cpf":"31246688000118"}
,{"id_legado":"0000012765","razao_social":"CARSIL FERRAMENTARIA E ESTAMPARIA LTDA","fantasia":"CARSIL Limpadores","cnpj_cpf":"19221021000165"}
,{"id_legado":"0000012788","razao_social":"JAMAICA IND DE ARTEFATOS DE BORRACHA LT","fantasia":"JAMAICA Mangueiras","cnpj_cpf":"62157094000245"}
,{"id_legado":"0000012908","razao_social":"LOS HERMANOS-COMERCIAL,LOGISTICA E ARMAZ","fantasia":"STOSS","cnpj_cpf":"23190497000153"}
,{"id_legado":"0000013130","razao_social":"PENA DISTRIBUIDORA DE AUTO PECAS EIRELI","fantasia":"ELETRICWAY","cnpj_cpf":"28078082000106"}
,{"id_legado":"0000013217","razao_social":"SEG AUTOMOTIVE COMPONENTS BRAZIL LTDA","fantasia":"SEG AUTOMOTIVE","cnpj_cpf":"24649652000110"}
,{"id_legado":"0000013333","razao_social":"AUTO PONTO NEGOCIOS E-COMMERCE LTDA","fantasia":"AUTO PONTO","cnpj_cpf":"37768433000100"}
,{"id_legado":"0000013386","razao_social":"GBM DISTRIBUIDORA DE AUTO PECAS EIRELI","fantasia":"MSA Suspensao","cnpj_cpf":"31463479000126"}
,{"id_legado":"0000013462","razao_social":"TROCAR DISTRIBUIDORA E COMERCIA EIRELI","fantasia":"TRALI MANGUEIRAS","cnpj_cpf":"41104899000170"}
,{"id_legado":"0000013676","razao_social":"RVL AUTOPECAS LTDA","fantasia":"MTA Tampas\/Term.","cnpj_cpf":"10793562000436"}
,{"id_legado":"0000014140","razao_social":"ATIR DISTRIBUIDORA LTDA","fantasia":"HURRICANE","cnpj_cpf":"23520039000135"}
,{"id_legado":"0000014209","razao_social":"UNIVEL INDUSTRIA METALURGICA LTDA","fantasia":"UNIVEL AUTOMOTIVE","cnpj_cpf":"66550054000210"}
,{"id_legado":"0000015137","razao_social":"PETROCAR PRODUTOS AUTOMOTIVOS EIRELI","fantasia":"RADNAQ\/PETROCAR","cnpj_cpf":"21587263000119"}
,{"id_legado":"0000015280","razao_social":"ECOLED COMERCIO DE PECAS E ACESSORIOS","fantasia":"ECOLED","cnpj_cpf":"12528797000183"}
,{"id_legado":"0000015396","razao_social":"C PAULI CREPALDI COMERCIO","fantasia":"RAKTAS Contr.Remot","cnpj_cpf":"39611766000148"}
,{"id_legado":"0000015400","razao_social":"WINNER- INJECAO ELETRONICA EIRELI","fantasia":"ORIGINAL-Bicos Inj","cnpj_cpf":"34522468000168"}
,{"id_legado":"0000015734","razao_social":"FILOK AUTOMOTIVE INDUSTRIA E COMERCIO","fantasia":"FK Automotive","cnpj_cpf":"28037912000157"}
,{"id_legado":"0000016710","razao_social":"AP WINNER IND.COMERCIO DE PRODUTOS QUIM.","fantasia":"SIEGER","cnpj_cpf":"00101896000286"}
,{"id_legado":"0000016932","razao_social":"SINAL VERDE DISTRIB.MERCADORIA EM GERAL","fantasia":"SINAL VERDE","cnpj_cpf":"26174549000196"}
,{"id_legado":"0000017469","razao_social":"INTERMEC AUTOMOTIVE IND. E COMERC.EIRELI","fantasia":"INTERMEC","cnpj_cpf":"01343245000184"}
,{"id_legado":"0000017687","razao_social":"THERMOVAL INDUSTRIA DE VALVULAS LTDA","fantasia":"THMV DISTRIBUIDORA","cnpj_cpf":"57633414000337"}
,{"id_legado":"0000017689","razao_social":"ROADSTAR DISTRIBUIDORA LTDA","fantasia":"ROADSTAR","cnpj_cpf":"44660020000164"}
,{"id_legado":"0000018083","razao_social":"PC FIXACOES LTDA","fantasia":"PC FIXACOES","cnpj_cpf":"28436778000167"}
,{"id_legado":"0000018099","razao_social":"SHOCKBRAS DISTRIBUIDORA E COMERCIO ATACA","fantasia":"SHOCKBRAS","cnpj_cpf":"48502183000170"}
,{"id_legado":"0000018144","razao_social":"ALLPARTS DISTRIBUIDORA IMPORTADORA E EXP","fantasia":"ALLPARTS","cnpj_cpf":"36038670000144"}
,{"id_legado":"0000018178","razao_social":"PLASTICOMP INDUSTRIA & COMERCIO DE COMPO","fantasia":"TANCLICK","cnpj_cpf":"04226524000237"}
,{"id_legado":"0000019102","razao_social":"TECLUB IND E COM DE LUBRIFICANTES LTDA","fantasia":"MAXON","cnpj_cpf":"00616970000116"}
,{"id_legado":"0000019293","razao_social":"MARELLI COFAP DO BRASIL LTDA.","fantasia":"MARELLI MARELLI","cnpj_cpf":"02865246001476"}
,{"id_legado":"0000019664","razao_social":"DISTRIBUIDORA DE AUTO PECAS MMS LTDA","fantasia":"BROSOL","cnpj_cpf":"51428862000150"}
,{"id_legado":"0000019832","razao_social":"H3 COMERCIO DISTRIBUIDORA DE MERCADORIAS","fantasia":"SEINECA","cnpj_cpf":"13644704000149"}
,{"id_legado":"0000020062","razao_social":"BLI - COMERCIO E IMPORTACAO LTDA","fantasia":"BLI","cnpj_cpf":"49317421000130"}
,{"id_legado":"0000020732","razao_social":"FR PARTS DISTRIBUIDORA E ACESSORIOS IND.","fantasia":"FR Remanufaturados","cnpj_cpf":"51187890000123"}
,{"id_legado":"0000020819","razao_social":"MAXIMUS DISTRIBUIDORA DE EQUIPAMENTOS","fantasia":"TECH ONE","cnpj_cpf":"34333233000128"}
,{"id_legado":"0000021059","razao_social":"FLAPS PRODUTOS AUTOMOTIVOS LTDA","fantasia":"LUXCAR","cnpj_cpf":"11561922000194"}
,{"id_legado":"0000021375","razao_social":"SIBERIA MARQUES DA SILVA MATERIAL ELETRI","fantasia":"ORIGINAL-Bicos Inj","cnpj_cpf":"31980648000103"}
,{"id_legado":"0000021487","razao_social":"GMG - SENSORES AUTOMOTIVOS LTDA","fantasia":"GMG SENSORES","cnpj_cpf":"17809571000174"}
,{"id_legado":"0000022271","razao_social":"LITENS AUTOMOTIVE DO BRASIL LTDA","fantasia":"LITENS","cnpj_cpf":"02588877000170"}
,{"id_legado":"0000022364","razao_social":"DM DISTRIBUIDORA DE PECAS LTDA","fantasia":"YMAX","cnpj_cpf":"53076920000150"}
,{"id_legado":"0000022505","razao_social":"YIWU COMERCIAL LTDA","fantasia":"NEXE DO BRASIL","cnpj_cpf":"38000817000213"}
,{"id_legado":"0000022534","razao_social":"S. S. R. MARTINI LTDA","fantasia":"ECOTAP","cnpj_cpf":"48292271000194"}
,{"id_legado":"0000022608","razao_social":"TRINK DISTRIBUIDORA PRODUTOS AUTOM. LTDA","fantasia":"TAMPAS TRINK","cnpj_cpf":"10717192000105"}
,{"id_legado":"0000022777","razao_social":"BRUSY INDUSTRIA E COMERCIO DE PLASTICOS","fantasia":"BRUSY","cnpj_cpf":"35561376000150"}
,{"id_legado":"0000023124","razao_social":"GLA COMERCIO IMPORTACAO E EXPORTACAO","fantasia":"LUCAS AUTOMOTIVE","cnpj_cpf":"22350058000289"}
,{"id_legado":"0000023849","razao_social":"ZERO FURO BLINDAGEM DE PNEUS LTDA","fantasia":"ZERO FURO","cnpj_cpf":"35817979000250"}
,{"id_legado":"0000024272","razao_social":"MFL ACESSORIOS LTDA","fantasia":"MFL ACESSORIOS","cnpj_cpf":"15765446000346"}
,{"id_legado":"0000025292","razao_social":"T & M COMERCIO DE AUTOPECAS LTDA","fantasia":"WTK BRASIL","cnpj_cpf":"40019014000171"}
,{"id_legado":"0000025531","razao_social":"FERTAK COMERCIO E IMPORTACAO LTDA","fantasia":"FERTAK","cnpj_cpf":"12449448000176"}
,{"id_legado":"0000025532","razao_social":"RLX INDUSTRIAL IMPORTADORA LTDA- ME","fantasia":"RLX FLUIDOS","cnpj_cpf":"07312248000218"}
,{"id_legado":"0000025552","razao_social":"M. C. M. BOBINAS INDUSTRIA, COMERCIO","fantasia":"MCM BOBINAS","cnpj_cpf":"68330141000106"}
,{"id_legado":"0000025667","razao_social":"RIC AUTOMOTIVE IND.DE PECAS AUTOMOTIVAS","fantasia":"MECABRAZIL","cnpj_cpf":"50935880000166"}
,{"id_legado":"0000025697","razao_social":"PST ELETRONICA LTDA","fantasia":"POSITRON","cnpj_cpf":"84496066000295"}
,{"id_legado":"0000025698","razao_social":"PST ELETRONICA LTDA","fantasia":"POSITRON","cnpj_cpf":"84496066000104"}
,{"id_legado":"0000025872","razao_social":"GATES DO BRASIL IND COM LT","fantasia":"GATES","cnpj_cpf":"61083804001400"}
,{"id_legado":"0000025981","razao_social":"FABELT INDUSTRIA DE AUTO PECAS LTDA","fantasia":"FABELT","cnpj_cpf":"59585642000142"}
]